SHA,Files,Added,Removed
b924171,47,2969,1570
37d1636,47,2984,1572
141333f,47,2995,1592
ca7b93b,48,3029,1594
76509c7,48,3061,1613
e93fb8e,48,3065,1616
7a00f18,49,3119,1696
2e422b8,49,3242,1692
01dc96b,49,3247,1699
8d3c555,49,3280,1698
b78e8e9,49,3379,1689
d9977cf,49,3442,1695
2920bf8,49,3517,1701
4391f6a,49,3542,1742
708ba20,49,3548,1740
3a70379,49,3592,1763
d4b7a31,49,3608,1811
868fbff,49,3601,1787
b753c24,49,3633,1801
40238c3,49,3650,1828
7d792f9,49,3682,1819
e6ebefc,49,3698,1823
4a146ad,50,3715,1876
1f882cd,50,3726,1873
3e21114,50,3740,1863
579a26b,50,3754,1856
ac2f39b,50,3761,1857
03e315b,50,3761,1857
27dec39,50,3830,1842
22b4c8e,50,3883,1888
3b4f960,50,3917,1885
ea4d576,50,3942,1893
761b854,50,3946,1892
6382631,50,3950,1890
360064c,50,3975,1978
224d2bd,50,3994,2070
0e5b7e7,50,3996,2077
eff22d4,50,3995,1978
75eb40b,50,3995,1978
4b365d9,50,3995,1978
60ed829,50,3995,1978
b965c70,50,3995,1978
a41d059,50,3995,1978
3a253e2,50,3995,1978
19ad203,50,4253,2009
b39a7c4,53,5499,2119
9f4feec,54,5532,2149
63580c4,54,5555,2157
f1e0b21,51,5597,2165
894edcf,51,5607,2177
72bee9e,51,5642,2178
0bfce6b,51,5679,2234
ec0ed32,51,5692,2252
8c9b096,51,5738,2342
ee1a8cf,51,5774,2298
7d929bc,52,5777,2300
47e803d,52,5843,2296
a699166,52,5846,2290
62110e9,52,5978,2291
b93adac,52,6002,2310
958c966,52,6064,2347
f8b7ac8,52,6135,2383
1857cf9,52,6136,2383
2175f67,52,6140,2378
354608d,52,6145,2387
8fe95df,52,6148,2383
9de5eb7,52,6155,2384
d1e423c,52,6155,2376
e8ef8db,52,6153,2509
819a8c9,52,6159,2503
